Workbook

Sheet BOM Calculation
B2: CEM Electromech
B3: Type | C3: Quantity | D3: Joint | E3: Cost per joint
B4: Capacitor | C4: =SUM(Gateway!J5+Microcontroller!J5) -> 30 | D4: =C4*2 -> 60 | E4: 0.25 | F4: =D4*E4 -> 15
B5: Resister | C5: =SUM(Gateway!J6+Microcontroller!J6) -> 33 | D5: =C5*2 -> 66 | E5: 0.25 | F5: =D5*E5 -> 16.5
B6: Button | C6: =SUM(Microcontroller!J11) -> 1 | D6: =C6*2 -> 2 | E6: 0.25 | F6: =D6*E6 -> 0.5
B7: Diode | C7: =SUM(Gateway!J9) -> 5 | D7: =C7*2 -> 10 | E7: 0.25 | F7: =D7*E7 -> 2.5
B8: IC | C8: =SUM(Gateway!J11+Microcontroller!J8) -> 10 | F8: =D8*E8 -> 0
B9: Inductor | C9: =SUM(Gateway!J7) -> 2 | D9: =C9*2 -> 4 | E9: 0.25 | F9: =D9*E9 -> 1
B10: MELF | C10: =SUM(Gateway!J10) -> 4 | D10: =C10*2 -> 8 | E10: 0.25 | F10: =D10*E10 -> 2
B11: LED | C11: =SUM(Gateway!J12+Microcontroller!J9) -> 2 | D11: =C11*2 -> 4 | E11: 0.25 | F11: =D11*E11 -> 1
B12: Transister | C12: =SUM(Microcontroller!J10) -> 2 | D12: =C12*3 -> 6 | E12: 0.25 | F12: =D12*E12 -> 1.5
B13: TOTAL | C13: =SUM(C4:C12) -> 89 | F13: =SUM(F4:F12) -> 40
B16: Mouser
B17: Digikey
B18: Robu
B19: PCB Print | C19: 14500
B20: SMT | C20: =F13*100 -> 4000
B21: Total | C21: =SUM(C16:C20) -> 18500
B24: Cost Per Unit | C24: =C21/100 -> 185

Sheet Purchase1
B1: SAMPLE BILL OF MATERIAL 1
A4: Sr No | B4: Quantity | C4: Reference | D4: Value | E4: PART TYPE | F4: PCB Footprint | G4: Manufacturer Part Number | H4: Manfacturer Name | I4: Description
A5: 1 | B5: 1 | C5: BT1 | D5: Battery_Cell | E5: Coin Cell Holder | F5: Battery:BatteryHolder_Keystone_500 | G5: BAT-HLD-011-THM | H5: TE Connectivity / Linx Technologies | I5: Single-cell battery
A6: 2 | B6: 2 | C6: C1,C2,C3,C6,C8,C9,C11,C17,C26,C28,C29,C30,C31 | D6: 100nF | E6: CAP MLCC | F6: Capacitor_SMD:C_1206_3216Metric_Pad1.33x1.80mm_HandSolder | G6: 0402X7R104KT7AT | H6: KYOCERA AVX | I6: Unpolarized capacitor
A7: 3 | B7: 1 | C7: C4 | D7: 100V 0.1uF | E7: CAP polyester | F7: Capacitor_THT:C_Rect_L7.0mm_W2.5mm_P5.00mm | G7: MMK5104J100J01L15.0CBULK | H7: KEMET | I7: Unpolarized capacitor
A8: 4 | B8: 1 | C8: C5 | D8: 470uF 50V | E8: Electrolytic CAP | F8: Capacitor_THT:CP_Radial_D10.0mm_P5.00mm | G8: MAL215051471E3 | H8: Vishay | I8: Polarized capacitor
A9: 5 | B9: 2 | C9: C7,C27 | D9: 4.7uF | E9: CAP MLCC | F9: Capacitor_SMD:C_1206_3216Metric_Pad1.33x1.80mm_HandSolder | G9: C1206X475K4NACAUTO | H9: KEMET | I9: Unpolarized capacitor
A10: 6 | B10: 1 | C10: C10 | D10: 100V 1uF | E10: CAP polyester | F10: Capacitor_THT:C_Rect_L10.3mm_W5.7mm_P7.50mm_MKS4 | G10: MMK15105J100B04L4BULK | H10: KEMET | I10: Unpolarized capacitor
A11: 7 | B11: 7 | C11: C13,C14,C15,C21,C22,C23,C24 | D11: 10uF | E11: CAP MLCC | F11: Capacitor_SMD:C_1206_3216Metric_Pad1.33x1.80mm_HandSolder | G11: CGA5L1X7R1E106K160AC | H11: TDK | I11: Unpolarized capacitor
A12: 8 | B12: 1 | C12: C19 | D12: 1000uF | E12: Electrolytic CAP | F12: Capacitor_THT:CP_Radial_D10.0mm_P5.00mm | G12: MAL215055102E3 | H12: Vishay | I12: Polarized capacitor
A13: 9 | B13: 4 | C13: D1,D2,D3,D4 | D13: D_Zener | E13: ZENER | F13: Diode_SMD:D_MicroMELF_Handsoldering | G13: 1N4679 | H13: Microchip Technology | I13: Zener diode
A14: 10 | B14: 1 | C14: D5 | D14: LED | E14: SMD LED | F14: LED_SMD:LED_1206_3216Metric_Pad1.42x1.75mm_HandSolder | G14: KR EELP41.22-Q1S1-36-A8J8-020-R18 | H14: ams OSRAM | I14: Light emitting diode
A15: 11 | B15: 2 | C15: D6,D10 | D15: SS34 | E15: Schottky Diode | F15: Diode_SMD:D_SMA | G15: SS34 | H15: Onsemi | I15: 40V 3A Schottky Diode, SMA
A16: 12 | B16: 3 | C16: D7,D8,D9 | D16: SMAJ6.5CA | E16: TVS Diode | F16: Diode_SMD:D_SMA | G16: SMAJ6.5CA | H16: Bourns | I16: 400W bidirectional Transient Voltage Suppressor, 6.5Vr, SMA(DO-214AC)
... A22: 18 | B22: 1 | C22: L1 | D22: 12uH | E22: Inductor | F22: Inductor_SMD:L_Vishay_IHLP-5050 | G22: MSD1278-123MLD | H22: Coilcraft | I22: Inductor with ferrite core
A23: 19 | B23: 1 | C23: L2 | D23: 100uH | E23: Inductor | F23: Inductor_SMD:L_Vishay_IHLP-5050 | G23: 744877101 | H23: Wurth Elektronik | I23: Inductor with ferrite core
A24: 20 | B24: 2 | C24: R1,R2 | D24: 0 Ohm | E24: RES | F24: Resistor_SMD:R_1206_3216Metric_Pad1.30x1.75mm_HandSolder | G24: CRCW04020000Z0EEHP | H24: Vishay | I24: Resistor
A25: 22 | B25: 2 | C25: R9,R17 | D25: 100 Ohm | E25: RES | F25: Resistor_SMD:R_1206_3216Metric_Pad1.30x1.75mm_HandSolder | G25: ERJ-P08J101V | H25: Panasonic | I25: Resistor
A26: 23 | B26: 1 | C26: R10 | D26: 121 Ohm | E26: RES | F26: Resistor_SMD:R_1206_3216Metric_Pad1.30x1.75mm_HandSolder | G26: AT1206CRD07124KL | H26: YAGEO | I26: Resistor
A27: 24 | B27: 2 | C27: R11,R12 | D27: 203 Ohm | E27: RES | F27: Resistor_SMD:R_1206_3216Metric_Pad1.30x1.75mm_HandSolder | G27: CR1206-JW-201ELF | H27: Bourns | I27: Resistor
A28: 25 | B28: 8 | C28: R13,R14,R15,R16,R27,R28,R29,R30 | D28: 10k Ohm | E28: RES | F28: Resistor_SMD:R_1206_3216Metric_Pad1.30x1.75mm_HandSolder | G28: RC1206FR-0710KL | H28: YAGEO | I28: Resistor
A29: 26 | B29: 2 | C29: R21,R22 | D29: 500 Ohm | E29: RES | F29: Resistor_SMD:R_1206_3216Metric_Pad1.30x1.75mm_HandSolder | G29: PLT1206Z5000AST5 | H29: Vishay | I29: Resistor
A30: 27 | B30: 7 | C30: R3,R4,R23,R24,R25,R26,R31 | D30: 1k Ohm | E30: RES | F30: Resistor_SMD:R_1206_3216Metric_Pad1.30x1.75mm_HandSolder | G30: RC1206FR-071KL | H30: YAGEO | I30: Resistor
A31: 28 | B31: 1 | C31: RV1 | D31: 40V | E31: MOV | F31: Varistor:RV_Disc_D9mm_W3.9mm_P5mm | G31: MOV-07D470K | H31: BOURNS | I31: Voltage dependent resistor
A32: 29 | B32: 1 | C32: U1 | D32: FT232RL | E32: USB to UART | F32: Package_SO:SSOP-28_5.3x10.2mm_P0.65mm | G32: FT232RL-REEL | H32: FTDI, Future Technology Devices International Ltd | I32: USB to Serial Interface, SSOP-28
A33: 30 | B33: 1 | C33: U2 | D33: LM2576HVS-5 | E33: Buck Convertor | F33: Package_TO_SOT_SMD:TO-263-5_TabPin3 | G33: LM2576D2TR4-5G | H33: onsemi | I33: 5V 3A, SIMPLE SWITCHERÂ® Step-Down Voltage Regulator, High Voltage Input, TO-263
A34: 31 | B34: 1 | C34: U3 | D34: LM324N | E34: Op-Amp | F34: Package_SO:SOIC-14_3.9x8.7mm_P1.27mm | G34: LM324ADT | H34: STMicroelectronics
A35: 32 | B35: 1 | C35: U4 | D35: MAX485E | E35: IC | F35: Package_SO:SOIC-8_3.9x4.9mm_P1.27mm | G35: MAX485ESA+T | H35: Analog Devices / Maxim Integrated | I35: Half duplex RS-485/RS-422, 2.5 Mbps, Â±15kV electro-static discharge (ESD) protection, no slew-rate, no low-power shutdown, with receiver/driver enable, 32 receiver drive capability, DIP-8 and SOIC-8
A36: 33 | B36: 1 | C36: U5 | D36: AMS1117-3.3 | E36: LDO | F36: Package_TO_SOT_SMD:SOT-223-3_TabPin2 | G36: LM1117MP-3.3/NOPB | H36: Texas Instruments | I36: 1A Low Dropout regulator, positive, 3.3V fixed output, SOT-223
A37: 34 | B37: 1 | C37: U6 | D37: TXS0104EPW | E37: IC | F37: Package_SO:TSSOP-14_4.4x5mm_P0.65mm | G37: TXS0104EPWR | H37: Texas Instruments | I37: Bidirectional level-shifting voltage translator, TSSOP-14
A38: 35 | B38: 1 | C38: U7 | D38: TCMT4600 | E38: IC | F38: Package_SO:SOP-16_4.55x10.3mm_P1.27mm | G38: TCMT4600 | H38: Vishay Semiconductors
A39: 36 | B39: 1 | C39: U8 | D39: DS3231M | E39: RTC | F39: Package_SO:SOIC-16W_7.5x10.3mm_P1.27mm | G39: DS3231SN#T&R | H39: Analog Devices / Maxim Integrated | I39: Extremely Accurate I2C-Integrated RTC/TCXO/Crystal SOIC-16
A40: 37 | B40: 1 | C40: U11 | D40: CRE1S0505SC | E40: DC/DC to Convertor | F40: Converter_DCDC:Converter_DCDC_Murata_CRE1xxxxxxSC_THT | G40: TBA 1-0511 | H40: TRACO Power | I40: 5V to 5V 200mA DC-DC Converter with 1kV isolation, SIP-4

Sheet Purchase2
B1: SAMPLE BILL OF MATERIAL 2
A4: Sr No | B4: Quantity | C4: Reference | D4: Value | E4: PART TYPE | F4: PCB Footprint | G4: Manufacturer Part Number | H4: Manfacturer Name | I4: Description
A5: 1 | B5: 1 | C5: BOOT1 | D5: ~ | E5: Tactile Switch | F5: Button_Switch_SMD:SW_SPST_CK_RS282G05A3 | G5: DTSMF-32N-V-T/R | H5: Diptronics | I5: Jumper, 2-pole, open
A6: 2 | B6: 2 | C6: C1,C3 | D6: 22uF 16V 1206 | E6: CAP MLCC | F6: Capacitor_SMD:C_1206_3216Metric_Pad1.33x1.80mm_HandSolder | G6: GCJ31CC71C226ME02L | H6: Murata Electronics | I6: Unpolarized capacitor
A7: 3 | B7: 5 | C7: C2,C4,C5,C6,C7 | D7: 100nF 16V 1206 | E7: CAP MLCC | F7: Capacitor_SMD:C_1206_3216Metric_Pad1.33x1.80mm_HandSolder | G7: 0402X7R104KT7AT | H7: KYOCERA AVX | I7: Unpolarized capacitor
A8: 5 | B8: 1 | C8: C8 | D8: 22uF 6.3V 1206 | E8: CAP MLCC | F8: Capacitor_SMD:C_1206_3216Metric_Pad1.33x1.80mm_HandSolder | G8: GGM31CD70J226KE02L | H8: Murata Electronics | I8: Unpolarized capacitor
A9: 6 | B9: 1 | C9: D1 | D9: LED | E9: SMD LED | F9: LED_SMD:LED_1206_3216Metric_Pad1.42x1.75mm_HandSolder | G9: KR EELP41.22-Q1S1-36-A8J8-020-R18 | H9: ams OSRAM | I9: Light emitting diode
A10: 7 | B10: 1 | C10: J1 | D10: Conn_01x15_Pin | E10: Pin Header | F10: Connector_PinHeader_2.54mm:PinHeader_1x15_P2.54mm_Vertical | G10: 2308-6121TG | H10: 3M Electronic Solutions Division | I10: Generic connector, single row, 01x15, script generated
A11: 8 | B11: 3 | C11: J2,J4,J5 | D11: Conn_01x02_Pin | E11: Connector | F11: Connector_JST:JST_XH_B2B-XH-A_1x02_P2.50mm_Vertical | G11: B2B-XH-A | H11: JST Sales America Inc. | I11: Generic connector, single row, 01x02, script generated
A12: 9 | B12: 1 | C12: J6 | D12: Micro_SD_Card_Det_Hirose_DM3AT | E12: SD Card Slot | F12: Connector_Card:microSD_HC_Hirose_DM3AT-SF-PEJM5 | G12: DM3AT-SF-PEJM5 | H12: Hirose Connector | I12: Micro SD Card Socket with card detection pins
A13: 10 | B13: 2 | C13: Q1,Q2 | D13: NPN | E13: Transister | F13: Package_TO_SOT_SMD:SOT-23_Handsoldering | G13: MMBT3904LT1G | H13: Onsemi | I13: Bipolar transistor symbol for simulation only, substrate tied to the emitter
A14: 11 | B14: 1 | C14: R1 | D14: 1k Ohm 1206 | E14: RES | F14: Resistor_SMD:R_1206_3216Metric_Pad1.30x1.75mm_HandSolder | G14: RC1206FR-071KL | H14: YAGEO | I14: Resistor
A15: 12 | B15: 4 | C15: R2,R4,R6,R7 | D15: 10k Ohm 1206 | E15: RES | F15: Resistor_SMD:R_1206_3216Metric_Pad1.30x1.75mm_HandSolder | G15: RC1206FR-0710KL | H15: YAGEO | I15: Resistor
A16: 13 | B16: 2 | C16: R3,R5 | D16: 2.2k Ohm 1206 | E16: RES | F16: Resistor_SMD:R_1206_3216Metric_Pad1.30x1.75mm_HandSolder | G16: RC1206FR-132K2L | H16: YAGEO | I16: Resistor
... A21: 18 | B21: 1 | C21: U2 | D21: ESP32-WROOM-32UE | E21: MCU | F21: RF_Module:ESP32-WROOM-32UE | G21: ESP32-WROOM-32UE-N16 | H21: Espressif Systems | I21: RF Module, ESP32-D0WD-V3 SoC, without PSRAM, Wi-Fi 802.11b/g/n, Bluetooth, BLE, 32-bit, 2.7-3.6V, external antenna, SMD

Sheet Gateway
C1: Gateway BOM
A4: Sr No | B4: Reference | C4: Value | D4: Description | E4: Datasheet | F4: Footprint | G4: Qty | I4: Type | J4: Quantity | K4: Package
A5: 1 | B5: BT1 | C5: Battery_Cell | D5: Single-cell battery | E5: ~ | F5: Battery:BatteryHolder_Keystone_500 | G5: 1 | I5: Capacitor | J5: =SUM(G6,G9,G11) -> 22 | K5: 1206
A6: 2 | B6: C1,C2,C3,C6,C8,C9,C11,C17,C26,C28,C29,C30,C31 | C6: 100nF | D6: Unpolarized capacitor | E6: ~ | F6: Capacitor_SMD:C_1206_3216Metric_Pad1.33x1.80mm_HandSolder | G6: 13 | I6: Resister | J6: =SUM(G24,G25,G26,G27,G28,G29,G30,G31) -> 24 | K6: 1206
A7: 3 | B7: C4 | C7: 100V 0.1uF | D7: Unpolarized capacitor | E7: ~ | F7: Capacitor_THT:C_Rect_L7.0mm_W2.5mm_P5.00mm | G7: 1 | I7: Inductor | J7: =SUM(G22,G23) -> 2 | K7: SMD
A8: 4 | B8: C5 | C8: 470uF 50V | D8: Polarized capacitor | E8: ~ | F8: Capacitor_THT:CP_Radial_D10.0mm_P5.00mm | G8: 1 | I8: THT | J8: =SUM(G5,G17,G18,G19,G20,G21,G32,G41) -> 8 | K8: lead
A9: 5 | B9: C7,C27 | C9: 4.7uF | D9: Unpolarized capacitor | E9: ~ | F9: Capacitor_SMD:C_1206_3216Metric_Pad1.33x1.80mm_HandSolder | G9: 2 | I9: Diode | J9: =SUM(G15,G16) -> 5 | K9: SMA
A10: 6 | B10: C10 | C10: 100V 1uF | D10: Unpolarized capacitor | E10: ~ | F10: Capacitor_THT:C_Rect_L10.3mm_W5.7mm_P7.50mm_MKS4 | G10: 1 | I10: MELF | J10: =SUM(G13) -> 4 | K10: MELF
A11: 7 | B11: C13,C14,C15,C21,C22,C23,C24 | C11: 10uF | D11: Unpolarized capacitor | E11: ~ | F11: Capacitor_SMD:C_1206_3216Metric_Pad1.33x1.80mm_HandSolder | G11: 7 | I11: IC | J11: =SUM(G33,G34,G35,G36,G37,G38,G39,G40) -> 8 | K11: SSOP-28,TO-263-5,SOIC-14,SOIC-8,SOT-223-3,TSSOP-14,SOP-16,SOIC-16W
A12: 8 | B12: C19 | C12: 1000uF | D12: Polarized capacitor | E12: ~ | F12: Capacitor_THT:CP_Radial_D10.0mm_P5.00mm | G12: 1 | I12: LED | J12: =SUM(G14) -> 1 | K12: 1206
A13: 9 | B13: D1,D2,D3,D4 | C13: D_Zener | D13: Zener diode | E13: ~ | F13: Diode_SMD:D_MicroMELF_Handsoldering | G13: 4 | I13: TOTAL | J13: =SUM(J5:J12) -> 74
A14: 10 | B14: D5 | C14: LED | D14: Light emitting diode | E14: ~ | F14: LED_SMD:LED_1206_3216Metric_Pad1.42x1.75mm_HandSolder | G14: 1
A15: 11 | B15: D6,D10 | C15: SS34 | D15: 40V 3A Schottky Diode, SMA | E15: https://www.vishay.com/docs/88751/ss32.pdf | F15: Diode_SMD:D_SMA | G15: 2
A16: 12 | B16: D7,D8,D9 | C16: SMAJ6.5CA | D16: 400W bidirectional Transient Voltage Suppressor, 6.5Vr, SMA(DO-214AC) | E16: https://www.littelfuse.com/media?resourcetype=datasheets&itemid=75e32973-b177-4ee3-a0ff-cedaf1abdb93&filename=smaj-datasheet | F16: Diode_SMD:D_SMA | G16: 3
A17: 13 | B17: J1 | C17: 24V Input | D17: Generic connector, single row, 01x02, script generated | E17: ~ | F17: TerminalBlock_Phoenix:TerminalBlock_Phoenix_MKDS-3-2-5.08_1x02_P5.08mm_Horizontal | G17: 1
A18: 14 | B18: J2 | C18: USB_B | D18: USB Type B connector | E18: ~ | F18: Connector_USB:USB_B_OST_USB-B1HSxx_Horizontal | G18: 1
A19: 15 | B19: J3 | C19: Conn_01x15_Socket | D19: Generic connector, single row, 01x15, script generated | E19: ~ | F19: Connector_PinSocket_2.54mm:PinSocket_1x15_P2.54mm_Vertical | G19: 1
A20: 16 | B20: J5 | C20: Conn_01x05_Pin | D20: Generic connector, single row, 01x05, script generated | E20: ~ | F20: TerminalBlock_Phoenix:TerminalBlock_Phoenix_MKDS-3-5-5.08_1x05_P5.08mm_Horizontal | G20: 1
A21: 17 | B21: J6 | C21: Conn_01x03_Pin | D21: Generic connector, single row, 01x03, script generated | E21: ~ | F21: TerminalBlock_Phoenix:TerminalBlock_Phoenix_MKDS-3-3-5.08_1x03_P5.08mm_Horizontal | G21: 1
A22: 18 | B22: L1 | C22: 12uH | D22: Inductor with ferrite core | E22: ~ | F22: Inductor_SMD:L_Vishay_IHLP-5050 | G22: 1
A23: 19 | B23: L2 | C23: 100uH | D23: Inductor with ferrite core | E23: ~ | F23: Inductor_SMD:L_Vishay_IHLP-5050 | G23: 1
A24: 20 | B24: R1,R2 | C24: 0 Ohm | D24: Resistor | E24: ~ | F24: Resistor_SMD:R_1206_3216Metric_Pad1.30x1.75mm_HandSolder | G24: 2
A25: 21 | B25: R3,R4 | C25: 1k | D25: Resistor | E25: ~ | F25: Resistor_SMD:R_1206_3216Metric_Pad1.30x1.75mm_HandSolder | G25: 2
... A34: 30 | B34: U2 | C34: LM2576HVS-5 | D34: 5V 3A, SIMPLE SWITCHERÂ® Step-Down Voltage Regulator, High Voltage Input, TO-263 | E34: http://www.ti.com/lit/ds/symlink/lm2576.pdf | F34: Package_TO_SOT_SMD:TO-263-5_TabPin3 | G34: 1
A35: 31 | B35: U3 | C35: LM324N | E35: LM324N | F35: Package_SO:SOIC-14_3.9x8.7mm_P1.27mm | G35: 1
A36: 32 | B36: U4 | C36: MAX485E | D36: Half duplex RS-485/RS-422, 2.5 Mbps, Â±15kV electro-static discharge (ESD) protection, no slew-rate, no low-power shutdown, with receiver/driver enable, 32 receiver drive capability, DIP-8 and SOIC-8 | E36: https://datasheets.maximintegrated.com/en/ds/MAX1487E-MAX491E.pdf | F36: Package_SO:SOIC-8_3.9x4.9mm_P1.27mm | G36: 1
A37: 33 | B37: U5 | C37: AMS1117-3.3 | D37: 1A Low Dropout regulator, positive, 3.3V fixed output, SOT-223 | E37: http://www.advanced-monolithic.com/pdf/ds1117.pdf | F37: Package_TO_SOT_SMD:SOT-223-3_TabPin2 | G37: 1
A38: 34 | B38: U6 | C38: TXS0104EPW | D38: Bidirectional level-shifting voltage translator, TSSOP-14 | E38: www.ti.com/lit/ds/symlink/txs0104e.pdf | F38: Package_SO:TSSOP-14_4.4x5mm_P0.65mm | G38: 1
A39: 35 | B39: U7 | C39: TCMT4600 | E39: TCMT4600 | F39: Package_SO:SOP-16_4.55x10.3mm_P1.27mm | G39: 1
A40: 36 | B40: U8 | C40: DS3231M | D40: Extremely Accurate I2C-Integrated RTC/TCXO/Crystal SOIC-16 | E40: http://datasheets.maximintegrated.com/en/ds/DS3231.pdf | F40: Package_SO:SOIC-16W_7.5x10.3mm_P1.27mm | G40: 1
A41: 37 | B41: U11 | C41: CRE1S0505SC | D41: 5V to 5V 200mA DC-DC Converter with 1kV isolation, SIP-4 | E41: http://power.murata.com/datasheet?/data/power/ncl/kdc_cre1.pdf | F41: Converter_DCDC:Converter_DCDC_Murata_CRE1xxxxxxSC_THT | G41: 1

Sheet Microcontroller
C1: Microcontroller BOM
A4: Sr No | B4: Reference | C4: Value | D4: Description | E4: Datasheet | F4: Footprint | G4: Qty | I4: Type | J4: Quantity | K4: Package
A5: 1 | B5: BOOT1 | C5: ~ | D5: Jumper, 2-pole, open | E5: ~ | F5: Button_Switch_SMD:SW_SPST_CK_RS282G05A3 | G5: 1 | I5: Capacitor | J5: =SUM(G6,G7,G8,G9) -> 8 | K5: 1206
A6: 2 | B6: C1,C3 | C6: 22uF 25V | D6: Unpolarized capacitor | E6: ~ | F6: Capacitor_SMD:C_1206_3216Metric_Pad1.33x1.80mm_HandSolder | G6: 2 | I6: Resister | J6: =SUM(G15,G16,G17,G18,G19) -> 9 | K6: 1206
A7: 3 | B7: C2,C4,C5 | C7: 100nF 10V | D7: Unpolarized capacitor | E7: ~ | F7: Capacitor_SMD:C_1206_3216Metric_Pad1.33x1.80mm_HandSolder | G7: 3 | I7: THT | J7: =SUM(G11,G12,G20) -> 5 | K7: Lead
A8: 4 | B8: C6,C7 | C8: 100nF | D8: Unpolarized capacitor | E8: ~ | F8: Capacitor_SMD:C_1206_3216Metric_Pad1.33x1.80mm_HandSolder | G8: 2 | I8: IC | J8: =SUM(G21,G22) -> 2 | K8: SOT-223-3
A9: 5 | B9: C8 | C9: 22uF 10V | D9: Unpolarized capacitor | E9: ~ | F9: Capacitor_SMD:C_1206_3216Metric_Pad1.33x1.80mm_HandSolder | G9: 1 | I9: LED | J9: =SUM(G10) -> 1 | K9: 1206
A10: 6 | B10: D1 | C10: LED | D10: Light emitting diode | E10: ~ | F10: LED_SMD:LED_1206_3216Metric_Pad1.42x1.75mm_HandSolder | G10: 1 | I10: Transister | J10: =SUM(G14) -> 2 | K10: SOT-23
A11: 7 | B11: J1 | C11: Conn_01x15_Pin | D11: Generic connector, single row, 01x15, script generated | E11: ~ | F11: Connector_PinHeader_2.54mm:PinHeader_1x15_P2.54mm_Vertical | G11: 1 | I11: Button | J11: =SUM(G5) -> 1
A12: 8 | B12: J2,J4,J5 | C12: Conn_01x02_Pin | D12: Generic connector, single row, 01x02, script generated | E12: ~ | F12: Connector_JST:JST_XH_B2B-XH-A_1x02_P2.50mm_Vertical | G12: 3 | I12: TOTAL | J12: =SUM(J5:J11) -> 28
A13: 9 | B13: J6 | C13: Micro_SD_Card_Det_Hirose_DM3AT | D13: Micro SD Card Socket with card detection pins | E13: https://www.hirose.com/product/en/download_file/key_name/DM3/category/Catalog/doc_file_id/49662/?file_category_id=4&item_id=195&is_series=1 | F13: Connector_Card:microSD_HC_Hirose_DM3AT-SF-PEJM5 | G13: 1
A14: 10 | B14: Q1,Q2 | C14: NPN | D14: Bipolar transistor symbol for simulation only, substrate tied to the emitter | E14: https://ngspice.sourceforge.io/docs/ngspice-html-manual/manual.xhtml#cha_BJTs | F14: Package_TO_SOT_SMD:SOT-23_Handsoldering | G14: 2
A15: 11 | B15: R1 | C15: 1k | D15: Resistor | E15: ~ | F15: Resistor_SMD:R_1206_3216Metric_Pad1.30x1.75mm_HandSolder | G15: 1
A16: 12 | B16: R2,R4,R6,R7 | C16: 10k Ohm | D16: Resistor | E16: ~ | F16: Resistor_SMD:R_1206_3216Metric_Pad1.30x1.75mm_HandSolder | G16: 4
A17: 13 | B17: R3,R5 | C17: 2.2k Ohm | D17: Resistor | E17: ~ | F17: Resistor_SMD:R_1206_3216Metric_Pad1.30x1.75mm_HandSolder | G17: 2
A18: 14 | B18: R8 | C18: 4.7k Ohm | D18: Resistor | E18: ~ | F18: Resistor_SMD:R_1206_3216Metric_Pad1.30x1.75mm_HandSolder | G18: 1
A19: 15 | B19: R9 | C19: 1k Ohm | D19: Resistor | E19: ~ | F19: Resistor_SMD:R_1206_3216Metric_Pad1.30x1.75mm_HandSolder | G19: 1
A20: 16 | B20: RST1 | C20: ~ | D20: Jumper, 2-pole, open | E20: ~ | F20: Connector_JST:JST_XH_B2B-XH-A_1x02_P2.50mm_Vertical | G20: 1
A21: 17 | B21: U1 | C21: AMS1117-3.3 | D21: 1A Low Dropout regulator, positive, 3.3V fixed output, SOT-223 | E21: http://www.advanced-monolithic.com/pdf/ds1117.pdf | F21: Package_TO_SOT_SMD:SOT-223-3_TabPin2 | G21: 1
A22: 18 | B22: U2 | C22: ESP32-WROOM-32UE | D22: RF Module, ESP32-D0WD-V3 SoC, without PSRAM, Wi-Fi 802.11b/g/n, Bluetooth, BLE, 32-bit, 2.7-3.6V, external antenna, SMD | E22: https://www.espressif.com/sites/default/files/documentation/esp32-wroom-32e_esp32-wroom-32ue_datasheet_en.pdf | F22: RF_Module:ESP32-WROOM-32UE | G22: 1
